"filename", "language", "Rust", "JSON", "comment", "blank", "total"
"/Users/obieke/DS210/210project/ds210-final-project/project-code/src/algorithm.rs", "Rust", 64, 0, 9, 17, 90
"/Users/obieke/DS210/210project/ds210-final-project/project-code/src/graphdata.rs", "Rust", 48, 0, 3, 10, 61
"/Users/obieke/DS210/210project/ds210-final-project/project-code/src/main.rs", "Rust", 22, 0, 5, 7, 34
"/Users/obieke/DS210/210project/ds210-final-project/project-code/target/.rustc_info.json", "JSON", 0, 1, 0, 0, 1
"/Users/obieke/DS210/210project/ds210-final-project/project-code/target/debug/.fingerprint/byteorder-bab75113a4b30d98/lib-byteorder.json", "JSON", 0, 1, 0, 0, 1
"/Users/obieke/DS210/210project/ds210-final-project/project-code/target/debug/.fingerprint/byteorder-ca2c6b3492d99a1d/lib-byteorder.json", "JSON", 0, 1, 0, 0, 1
"/Users/obieke/DS210/210project/ds210-final-project/project-code/target/debug/.fingerprint/cfg-if-258ef227f8409004/lib-cfg_if.json", "JSON", 0, 1, 0, 0, 1
"/Users/obieke/DS210/210project/ds210-final-project/project-code/target/debug/.fingerprint/cfg-if-e9f2eedc90029417/lib-cfg_if.json", "JSON", 0, 1, 0, 0, 1
"/Users/obieke/DS210/210project/ds210-final-project/project-code/target/debug/.fingerprint/getrandom-1c91e274bb751167/lib-getrandom.json", "JSON", 0, 1, 0, 0, 1
"/Users/obieke/DS210/210project/ds210-final-project/project-code/target/debug/.fingerprint/getrandom-1cbb1fe2980a8a07/lib-getrandom.json", "JSON", 0, 1, 0, 0, 1
"/Users/obieke/DS210/210project/ds210-final-project/project-code/target/debug/.fingerprint/libc-375958cabd141ea8/build-script-build-script-build.json", "JSON", 0, 1, 0, 0, 1
"/Users/obieke/DS210/210project/ds210-final-project/project-code/target/debug/.fingerprint/libc-3dedbd4fca2ce571/run-build-script-build-script-build.json", "JSON", 0, 1, 0, 0, 1
"/Users/obieke/DS210/210project/ds210-final-project/project-code/target/debug/.fingerprint/libc-f49a1406fc863e41/lib-libc.json", "JSON", 0, 1, 0, 0, 1
"/Users/obieke/DS210/210project/ds210-final-project/project-code/target/debug/.fingerprint/libc-f73bb432cca48c56/lib-libc.json", "JSON", 0, 1, 0, 0, 1
"/Users/obieke/DS210/210project/ds210-final-project/project-code/target/debug/.fingerprint/ppv-lite86-1a68d17c28049ca8/lib-ppv_lite86.json", "JSON", 0, 1, 0, 0, 1
"/Users/obieke/DS210/210project/ds210-final-project/project-code/target/debug/.fingerprint/ppv-lite86-47318829e6490c1e/lib-ppv_lite86.json", "JSON", 0, 1, 0, 0, 1
"/Users/obieke/DS210/210project/ds210-final-project/project-code/target/debug/.fingerprint/proc-macro2-035c162e661fd9d3/lib-proc_macro2.json", "JSON", 0, 1, 0, 0, 1
"/Users/obieke/DS210/210project/ds210-final-project/project-code/target/debug/.fingerprint/proc-macro2-a740d57a6e460caf/build-script-build-script-build.json", "JSON", 0, 1, 0, 0, 1
"/Users/obieke/DS210/210project/ds210-final-project/project-code/target/debug/.fingerprint/proc-macro2-d115bffb34609163/run-build-script-build-script-build.json", "JSON", 0, 1, 0, 0, 1
"/Users/obieke/DS210/210project/ds210-final-project/project-code/target/debug/.fingerprint/project-code-403ac2f5e0029f24/test-bin-project-code.json", "JSON", 0, 1, 0, 0, 1
"/Users/obieke/DS210/210project/ds210-final-project/project-code/target/debug/.fingerprint/project-code-4776b8e7ecfe052d/bin-project-code.json", "JSON", 0, 1, 0, 0, 1
"/Users/obieke/DS210/210project/ds210-final-project/project-code/target/debug/.fingerprint/project-code-885be46dfae40f73/bin-project-code.json", "JSON", 0, 1, 0, 0, 1
"/Users/obieke/DS210/210project/ds210-final-project/project-code/target/debug/.fingerprint/project-code-9301bd2dec83c91c/test-bin-project-code.json", "JSON", 0, 1, 0, 0, 1
"/Users/obieke/DS210/210project/ds210-final-project/project-code/target/debug/.fingerprint/project-code-a4123bddd4280897/bin-project-code.json", "JSON", 0, 1, 0, 0, 1
"/Users/obieke/DS210/210project/ds210-final-project/project-code/target/debug/.fingerprint/project-code-ba0965c48f51f2c8/test-bin-project-code.json", "JSON", 0, 1, 0, 0, 1
"/Users/obieke/DS210/210project/ds210-final-project/project-code/target/debug/.fingerprint/project-code-bc695119449e0294/bin-project-code.json", "JSON", 0, 1, 0, 0, 1
"/Users/obieke/DS210/210project/ds210-final-project/project-code/target/debug/.fingerprint/quote-b1048d0ba6bd1bb2/lib-quote.json", "JSON", 0, 1, 0, 0, 1
"/Users/obieke/DS210/210project/ds210-final-project/project-code/target/debug/.fingerprint/rand-2d94485304b796e8/lib-rand.json", "JSON", 0, 1, 0, 0, 1
"/Users/obieke/DS210/210project/ds210-final-project/project-code/target/debug/.fingerprint/rand-60209bff4bf64753/lib-rand.json", "JSON", 0, 1, 0, 0, 1
"/Users/obieke/DS210/210project/ds210-final-project/project-code/target/debug/.fingerprint/rand_chacha-1c5a67884ea8a77e/lib-rand_chacha.json", "JSON", 0, 1, 0, 0, 1
"/Users/obieke/DS210/210project/ds210-final-project/project-code/target/debug/.fingerprint/rand_chacha-f7b2e96ce60189b2/lib-rand_chacha.json", "JSON", 0, 1, 0, 0, 1
"/Users/obieke/DS210/210project/ds210-final-project/project-code/target/debug/.fingerprint/rand_core-125fb1781b434e80/lib-rand_core.json", "JSON", 0, 1, 0, 0, 1
"/Users/obieke/DS210/210project/ds210-final-project/project-code/target/debug/.fingerprint/rand_core-e2a127414062c046/lib-rand_core.json", "JSON", 0, 1, 0, 0, 1
"/Users/obieke/DS210/210project/ds210-final-project/project-code/target/debug/.fingerprint/syn-62a5850726b1dbb1/lib-syn.json", "JSON", 0, 1, 0, 0, 1
"/Users/obieke/DS210/210project/ds210-final-project/project-code/target/debug/.fingerprint/unicode-ident-8a126fdb8f10b421/lib-unicode_ident.json", "JSON", 0, 1, 0, 0, 1
"/Users/obieke/DS210/210project/ds210-final-project/project-code/target/debug/.fingerprint/zerocopy-1f64f1df0ef1ebf2/lib-zerocopy.json", "JSON", 0, 1, 0, 0, 1
"/Users/obieke/DS210/210project/ds210-final-project/project-code/target/debug/.fingerprint/zerocopy-894014a24ddf390d/lib-zerocopy.json", "JSON", 0, 1, 0, 0, 1
"/Users/obieke/DS210/210project/ds210-final-project/project-code/target/debug/.fingerprint/zerocopy-derive-f985a19bab1b5629/lib-zerocopy_derive.json", "JSON", 0, 1, 0, 0, 1
"Total", "-", 134, 35, 17, 34, 220